tau,neuron,mean,std,max,min,median,total_spikes
0.1,0,0.09265069,0.2539924,3.632531,0.0,0.0,9964.211
0.1,1,0.100444525,0.25493178,2.5781403,0.0,0.0,10802.407
0.1,2,0.09565687,0.24502972,2.8683581,0.0,0.0,10287.514
0.1,3,0.08415896,0.26371428,3.1302257,0.0,0.0,9050.959
0.1,4,0.08389814,0.2668171,3.5226665,0.0,0.0,9022.909
0.1,5,0.0830698,0.2624077,3.2641842,0.0,0.0,8933.825
0.1,6,0.09283787,0.25259936,3.5077722,0.0,0.0,9984.342
0.1,7,0.101215035,0.26053548,4.2048,0.0,0.0,10885.272
0.1,8,0.082830705,0.27997047,5.1512227,0.0,0.0,8908.111
0.1,9,0.090356946,0.26458696,3.6261256,0.0,0.0,9717.528
0.1,10,0.0824283,0.27681875,4.492767,0.0,0.0,8864.834
0.1,11,0.09052249,0.2803852,4.275004,0.0,0.0,9735.332
0.1,12,0.09927514,0.26536456,3.415671,0.0,0.0,10676.645
0.1,13,0.07951796,0.28121516,5.259748,0.0,0.0,8551.839
0.1,14,0.08266988,0.26896277,5.1754127,0.0,0.0,8890.814
0.1,15,0.091583855,0.2726626,4.196959,0.0,0.0,9849.478
0.1,16,0.10103732,0.2792233,4.5984435,0.0,0.0,10866.16
0.1,17,0.10503714,0.2639037,3.1172154,0.0,0.0,11296.324
0.1,18,0.08710969,0.28053227,4.7139797,0.0,0.0,9368.299
0.1,19,0.09624945,0.282344,6.702175,0.0,0.0,10351.244
0.1,20,0.08524097,0.29730433,4.686893,0.0,0.0,9167.325
0.1,21,0.08772106,0.280091,5.2081633,0.0,0.0,9434.049
0.1,22,0.08063509,0.2812145,6.108313,0.0,0.0,8671.981
0.1,23,0.07954508,0.272087,5.005764,0.0,0.0,8554.755
0.1,24,0.0945423,0.27621883,3.4349709,0.0,0.0,10167.646
0.1,25,0.09761122,0.27011764,2.906807,0.0,0.0,10497.696
0.1,26,0.092377774,0.2746387,3.8012092,0.0,0.0,9934.86
0.1,27,0.09747866,0.27855918,3.991777,0.0,0.0,10483.439
0.1,28,0.08807415,0.27160785,5.2892165,0.0,0.0,9472.022
0.1,29,0.09070706,0.28245315,5.6872764,0.0,0.0,9755.182
0.1,30,0.08380282,0.27300173,5.0469556,0.0,0.0,9012.658
0.1,31,0.086820155,0.27396524,4.1915855,0.0,0.0,9337.16
0.1,32,0.09945958,0.27739963,3.0758548,0.0,0.0,10696.48
0.1,33,0.07884245,0.291608,6.104693,0.0,0.0,8479.19
0.1,34,0.08202761,0.27885446,6.134053,0.0,0.0,8821.741
0.1,35,0.0810297,0.28379387,6.456517,0.0,0.0,8714.42
0.1,36,0.083707824,0.27593756,7.0239444,0.0,0.0,9002.441
0.1,37,0.09754493,0.29072905,4.987629,0.0,0.0,10490.567
0.1,38,0.09591222,0.27354133,4.500102,0.0,0.0,10314.976
0.1,39,0.094091594,0.29227027,6.5097156,0.0,0.0,10119.175
0.1,40,0.08788038,0.28137326,4.4439716,0.0,0.0,9451.184
0.1,41,0.08690626,0.26760057,5.4843516,0.0,0.0,9346.421
0.1,42,0.086840875,0.30977282,7.1443467,0.0,0.0,9339.389
0.1,43,0.097410984,0.2894071,5.0253468,0.0,0.0,10476.162
0.1,44,0.0901753,0.27685425,7.239219,0.0,0.0,9697.993
0.1,45,0.08890062,0.29043877,6.3256884,0.0,0.0,9560.906
0.1,46,0.085797764,0.29275507,7.6712193,0.0,0.0,9227.206
0.1,47,0.081370294,0.29736868,7.9241133,0.0,0.0,8751.05
0.1,48,0.08927468,0.27495387,5.0042586,0.0,0.0,9601.135
0.1,49,0.08583504,0.29250002,6.314336,0.0,0.0,9231.215
0.1,50,0.0849909,0.2844743,5.8777156,0.0,0.0,9140.431
0.1,51,0.08487328,0.2838279,12.344587,0.0,0.0,9127.782
0.1,52,0.09316966,0.2845574,3.8906145,0.0,0.0,10020.024
0.1,53,0.089594126,0.28541976,5.878916,0.0,0.0,9635.49
0.1,54,0.088386655,0.2915395,6.7503366,0.0,0.0,9505.631
0.1,55,0.09169326,0.29846022,4.724506,0.0,0.0,9861.243
0.1,56,0.09401158,0.2704637,3.7084205,0.0,0.0,10110.569
0.1,57,0.09423424,0.26911646,4.404473,0.0,0.0,10134.516
0.1,58,0.094082415,0.27220294,3.8086941,0.0,0.0,10118.1875
0.1,59,0.086085774,0.270476,8.209276,0.0,0.0,9258.181
0.1,60,0.08800589,0.2680749,4.914462,0.0,0.0,9464.682
0.1,61,0.088027984,0.25623488,4.2739286,0.0,0.0,9467.058
0.1,62,0.08749297,0.2799708,7.388077,0.0,0.0,9409.52
0.1,63,0.089049235,0.30915377,9.544407,0.0,0.0,9576.889
0.1,64,0.09815123,0.2917381,7.292771,0.0,0.0,10555.772
0.1,65,0.09311569,0.27114338,4.951115,0.0,0.0,10014.22
0.1,66,0.08281382,0.2730835,7.6037693,0.0,0.0,8906.295
0.1,67,0.09351588,0.2745312,4.124483,0.0,0.0,10057.259
0.1,68,0.09120678,0.26950157,7.031594,0.0,0.0,9808.925
0.1,69,0.09539727,0.27350488,3.546123,0.0,0.0,10259.595
0.1,70,0.09185778,0.29646397,8.095873,0.0,0.0,9878.9375
0.1,71,0.086959355,0.27197582,5.7050524,0.0,0.0,9352.131
0.1,72,0.08467461,0.29910684,10.065814,0.0,0.0,9106.416
0.1,73,0.0954248,0.30522072,11.099533,0.0,0.0,10262.556
0.1,74,0.094704516,0.2740657,6.4200115,0.0,0.0,10185.092
0.1,75,0.097514585,0.2797307,4.420705,0.0,0.0,10487.304
0.1,76,0.095102295,0.28949082,7.199803,0.0,0.0,10227.871
0.1,77,0.09028703,0.30094144,8.216884,0.0,0.0,9710.009
0.1,78,0.085329875,0.26541469,5.132649,0.0,0.0,9176.887
0.1,79,0.09522247,0.2854078,20.5351,0.0,0.0,10240.796
0.1,80,0.08716579,0.26902524,5.367308,0.0,0.0,9374.332
0.1,81,0.08897126,0.26997563,5.458849,0.0,0.0,9568.503
0.1,82,0.09506603,0.27158725,3.7690153,0.0,0.0,10223.972
0.1,83,0.08931316,0.28670925,6.6666346,0.0,0.0,9605.272
0.1,84,0.091081,0.29481402,11.551151,0.0,0.0,9795.397
0.1,85,0.08543308,0.28057882,9.362658,0.0,0.0,9187.986
0.1,86,0.088563666,0.28541657,7.761841,0.0,0.0,9524.668
0.1,87,0.08912413,0.28053978,6.8729157,0.0,0.0,9584.943
0.1,88,0.082581356,0.26457044,7.5546494,0.0,0.0,8881.295
0.1,89,0.08321449,0.30111474,12.228383,0.0,0.0,8949.386
0.1,90,0.08434021,0.27095392,6.993901,0.0,0.0,9070.452
0.1,91,0.095133945,0.2849321,6.6789083,0.0,0.0,10231.275
0.1,92,0.085593596,0.2615816,3.8248343,0.0,0.0,9205.249
0.1,93,0.085366935,0.26797566,5.3403378,0.0,0.0,9180.872
0.1,94,0.09146682,0.2741901,6.1148734,0.0,0.0,9836.891
0.1,95,0.09421462,0.27879727,5.194436,0.0,0.0,10132.405
0.1,96,0.09661193,0.27162796,3.9926035,0.0,0.0,10390.227
0.1,97,0.09173886,0.27970776,9.722798,0.0,0.0,9866.147
0.1,98,0.09079454,0.29166695,7.7291274,0.0,0.0,9764.59
0.1,99,0.09596654,0.2715857,4.76516,0.0,0.0,10320.817
0.1,100,0.09275849,0.27311793,6.956221,0.0,0.0,9975.805
0.1,101,0.08914522,0.29505458,6.617938,0.0,0.0,9587.212
0.1,102,0.090773284,0.28826588,6.0146933,0.0,0.0,9762.304
0.1,103,0.09337619,0.26248088,6.3768706,0.0,0.0,10042.235
0.1,104,0.0862268,0.28216216,6.555447,0.0,0.0,9273.348
0.1,105,0.095737964,0.26861823,3.8411837,0.0,0.0,10296.235
0.1,106,0.089828074,0.27703306,7.719715,0.0,0.0,9660.65
0.1,107,0.09048404,0.2598402,5.1782427,0.0,0.0,9731.196
0.1,108,0.08853387,0.28304467,8.508809,0.0,0.0,9521.464
0.1,109,0.0882049,0.27826697,9.433338,0.0,0.0,9486.084
0.1,110,0.098872796,0.27029943,3.6379337,0.0,0.0,10633.374
0.1,111,0.09477985,0.26904964,3.7030594,0.0,0.0,10193.193
0.1,112,0.089449406,0.27194026,5.1669054,0.0,0.0,9619.926
0.1,113,0.08457922,0.27033558,5.1475477,0.0,0.0,9096.157
0.1,114,0.087634794,0.2618437,5.229183,0.0,0.0,9424.771
0.1,115,0.08728411,0.26761064,5.770907,0.0,0.0,9387.057
0.1,116,0.08980718,0.27219203,3.7551823,0.0,0.0,9658.403
0.1,117,0.085342795,0.27059057,8.629469,0.0,0.0,9178.276
0.1,118,0.08759877,0.27495766,9.005307,0.0,0.0,9420.897
0.1,119,0.097309306,0.2793035,4.9096527,0.0,0.0,10465.227
0.1,120,0.09071468,0.25849128,4.773745,0.0,0.0,9756.001
0.1,121,0.08546926,0.27868906,9.798926,0.0,0.0,9191.877
0.1,122,0.09017443,0.3038663,11.3939085,0.0,0.0,9697.899
0.1,123,0.08951089,0.2960795,13.810977,0.0,0.0,9626.538
0.1,124,0.08819179,0.2683381,7.76877,0.0,0.0,9484.675
0.1,125,0.08999596,0.2821454,6.974252,0.0,0.0,9678.705
0.1,126,0.08549226,0.2729204,9.05277,0.0,0.0,9194.351
0.1,127,0.08746648,0.2847242,6.464734,0.0,0.0,9406.67
0.1,128,0.08732594,0.27282578,9.658487,0.0,0.0,9391.556
0.1,129,0.08814512,0.26122475,5.561204,0.0,0.0,9479.655
0.1,130,0.08886718,0.2776722,8.163571,0.0,0.0,9557.31
0.1,131,0.08627187,0.26923767,7.46958,0.0,0.0,9278.194
0.1,132,0.1032385,0.28246984,3.472681,0.0,0.0,11102.888
0.1,133,0.0946179,0.27302578,5.1718793,0.0,0.0,10175.777
0.1,134,0.08714883,0.27296817,5.1536236,0.0,0.0,9372.508
0.1,135,0.0871659,0.25909814,4.2205467,0.0,0.0,9374.344
0.1,136,0.08777182,0.25903687,4.8774323,0.0,0.0,9439.508
0.1,137,0.08583731,0.26877257,7.8428373,0.0,0.0,9231.46
0.1,138,0.08785912,0.28090566,9.362735,0.0,0.0,9448.896
0.1,139,0.08999963,0.27274293,6.7294354,0.0,0.0,9679.101
0.1,140,0.09129128,0.27410436,6.6616306,0.0,0.0,9818.012
0.1,141,0.0884127,0.2699368,5.995365,0.0,0.0,9508.433
0.1,142,0.09319981,0.26714307,3.9176264,0.0,0.0,10023.267
0.1,143,0.08720824,0.27092028,5.5208764,0.0,0.0,9378.897
0.1,144,0.087779015,0.26595336,6.604422,0.0,0.0,9440.282
0.1,145,0.08611277,0.25803056,8.304544,0.0,0.0,9261.084
0.1,146,0.08617959,0.25441086,4.633087,0.0,0.0,9268.2705
0.1,147,0.006889334,0.27819028,71.941086,0.0,0.0,740.9203
0.1,148,0.09485649,0.276968,7.1924734,0.0,0.0,10201.437
0.1,149,0.09616232,0.2905737,7.863216,0.0,0.0,10341.873
0.1,150,0.0869304,0.28668544,7.509306,0.0,0.0,9349.017
0.35,0,0.027784994,0.1146704,2.4539208,0.0,0.0,2988.165
0.35,1,0.03156997,0.11531409,1.8339199,0.0,0.0,3395.2239
0.35,2,0.029980097,0.108792394,1.962052,0.0,0.0,3224.2395
0.35,3,0.026159832,0.11836194,2.1511695,0.0,0.0,2813.3853
0.35,4,0.025565846,0.120822705,2.677254,0.0,0.0,2749.5044
0.35,5,0.025301049,0.115355656,2.2725794,0.0,0.0,2721.0266
0.35,6,0.028242063,0.11539553,2.5172548,0.0,0.0,3037.3208
0.35,7,0.03042111,0.121362865,3.1529975,0.0,0.0,3271.6687
0.35,8,0.024345832,0.12772442,3.9230769,0.0,0.0,2618.2969
0.35,9,0.02777701,0.12188032,2.4117036,0.0,0.0,2987.3064
0.35,10,0.025342632,0.13031252,2.77492,0.0,0.0,2725.4988
0.35,11,0.028197696,0.13560231,3.0156908,0.0,0.0,3032.5496
0.35,12,0.031261306,0.1278012,2.8126132,0.0,0.0,3362.0283
0.35,13,0.023453845,0.1389684,3.5182803,0.0,0.0,2522.3672
0.35,14,0.023473714,0.12149023,3.9531016,0.0,0.0,2524.504
0.35,15,0.026851943,0.12534747,2.975676,0.0,0.0,2887.819
0.35,16,0.031030007,0.13284388,2.2152922,0.0,0.0,3337.153
0.35,17,0.031915,0.12390342,2.2675283,0.0,0.0,3432.3308
0.35,18,0.025270294,0.13093635,3.4517453,0.0,0.0,2717.719
0.35,19,0.027495096,0.13164638,4.0259814,0.0,0.0,2956.9875
0.35,20,0.026704423,0.15733737,3.4772012,0.0,0.0,2871.9539
0.35,21,0.026822373,0.13006236,3.7649558,0.0,0.0,2884.639
0.35,22,0.022862213,0.12851301,3.3418992,0.0,0.0,2458.7395
0.35,23,0.02183524,0.122153796,3.4949756,0.0,0.0,2348.2927
0.35,24,0.028958011,0.12847398,2.599327,0.0,0.0,3114.3184
0.35,25,0.0299643,0.12318971,1.9377084,0.0,0.0,3222.5405
0.35,26,0.02784935,0.12631278,2.5042071,0.0,0.0,2995.0862
0.35,27,0.03023749,0.13919562,3.2102664,0.0,0.0,3251.9211
0.35,28,0.025032116,0.120760255,3.4191527,0.0,0.0,2692.104
0.35,29,0.024774797,0.13035057,3.8920674,0.0,0.0,2664.4304
0.35,30,0.02265619,0.122064725,3.6538312,0.0,0.0,2436.5825
0.35,31,0.02349386,0.12262511,2.952563,0.0,0.0,2526.6707
0.35,32,0.030135138,0.13017693,2.1157122,0.0,0.0,3240.9136
0.35,33,0.022911387,0.14640035,4.7973385,0.0,0.0,2464.028
0.35,34,0.023043357,0.13003464,4.438746,0.0,0.0,2478.221
0.35,35,0.02255317,0.13192983,4.178403,0.0,0.0,2425.5032
0.35,36,0.021669492,0.12754416,5.0225377,0.0,0.0,2330.4673
0.35,37,0.02798892,0.13753192,3.2496932,0.0,0.0,3010.0964
0.35,38,0.027629044,0.12671486,2.7085056,0.0,0.0,2971.393
0.35,39,0.027883876,0.15050401,5.7915096,0.0,0.0,2998.7993
0.35,40,0.023913315,0.13154794,3.6145272,0.0,0.0,2571.7812
0.35,41,0.021274336,0.11314929,4.2332544,0.0,0.0,2287.9697
0.35,42,0.026082708,0.1509231,3.3858573,0.0,0.0,2805.0908
0.35,43,0.027638717,0.13497297,3.0878358,0.0,0.0,2972.4333
0.35,44,0.024757518,0.12707315,5.354466,0.0,0.0,2662.572
0.35,45,0.024431104,0.14747348,5.3575187,0.0,0.0,2627.4675
0.35,46,0.023092924,0.15003982,5.9828124,0.0,0.0,2483.5515
0.35,47,0.021542078,0.15735862,6.2085366,0.0,0.0,2316.7644
0.35,48,0.023941513,0.123875104,2.570898,0.0,0.0,2574.814
0.35,49,0.023179421,0.14320016,5.3050413,0.0,0.0,2492.854
0.35,50,0.02303772,0.13678688,4.8166265,0.0,0.0,2477.6147
0.35,51,0.023074245,0.136252,4.572132,0.0,0.0,2481.5427
0.35,52,0.026207339,0.13773185,2.9296033,0.0,0.0,2818.4944
0.35,53,0.023867467,0.1418864,4.885046,0.0,0.0,2566.8506
0.35,54,0.022979373,0.14746523,5.605052,0.0,0.0,2471.3396
0.35,55,0.027378963,0.13763222,3.280435,0.0,0.0,2944.498
0.35,56,0.024436133,0.1211486,3.0220866,0.0,0.0,2628.0083
0.35,57,0.025357096,0.12329018,2.6032188,0.0,0.0,2727.0542
0.35,58,0.02343607,0.115677014,2.6953428,0.0,0.0,2520.4556
0.35,59,0.021239258,0.12062617,5.6745057,0.0,0.0,2284.1973
0.35,60,0.021930667,0.11606521,2.9898894,0.0,0.0,2358.5554
0.35,61,0.020989127,0.10518695,3.118323,0.0,0.0,2257.2966
0.35,62,0.022499908,0.13280343,5.2882724,0.0,0.0,2419.7751
0.35,63,0.024169091,0.16453114,8.552238,0.0,0.0,2599.289
0.35,64,0.02685103,0.13346513,2.8432395,0.0,0.0,2887.721
0.35,65,0.02326871,0.117092766,4.417047,0.0,0.0,2502.4568
0.35,66,0.019490248,0.12727924,5.761036,0.0,0.0,2096.0981
0.35,67,0.023649577,0.119846016,2.7007139,0.0,0.0,2543.4175
0.35,68,0.022556938,0.116187155,4.51475,0.0,0.0,2425.9084
0.35,69,0.024525713,0.11699919,2.4008095,0.0,0.0,2637.6423
0.35,70,0.025329366,0.15297598,7.5959525,0.0,0.0,2724.072
0.35,71,0.021466393,0.12457516,4.8160443,0.0,0.0,2308.6248
0.35,72,0.02127469,0.1491647,7.489998,0.0,0.0,2288.0078
0.35,73,0.026281763,0.15823722,10.642568,0.0,0.0,2826.4985
0.35,74,0.02354344,0.11992476,4.07726,0.0,0.0,2532.0027
0.35,75,0.025804212,0.12551571,3.434146,0.0,0.0,2775.14
0.35,76,0.025086833,0.14286247,5.177472,0.0,0.0,2697.9885
0.35,77,0.024382014,0.1500737,6.02157,0.0,0.0,2622.188
0.35,78,0.019879872,0.10852301,2.930398,0.0,0.0,2138.0007
0.35,79,0.02590273,0.12844202,8.499877,0.0,0.0,2785.7349
0.35,80,0.02057465,0.1131459,3.8235736,0.0,0.0,2212.7212
0.35,81,0.021849666,0.12064302,4.9898076,0.0,0.0,2349.8442
0.35,82,0.0250892,0.120107874,2.3010545,0.0,0.0,2698.2432
0.35,83,0.023121873,0.13599575,4.1305385,0.0,0.0,2486.665
0.35,84,0.02470046,0.15475258,11.303505,0.0,0.0,2656.4355
0.35,85,0.021435766,0.13695863,8.242928,0.0,0.0,2305.3308
0.35,86,0.022800121,0.14491741,7.0491,0.0,0.0,2452.0618
0.35,87,0.02328413,0.13321166,5.998315,0.0,0.0,2504.115
0.35,88,0.017897956,0.10597572,6.0895543,0.0,0.0,1924.8535
0.35,89,0.020692345,0.15453438,10.486833,0.0,0.0,2225.379
0.35,90,0.020193176,0.12143752,5.5739098,0.0,0.0,2171.6953
0.35,91,0.025236946,0.12621221,3.8674529,0.0,0.0,2714.1326
0.35,92,0.019771364,0.10159957,2.2025518,0.0,0.0,2126.331
0.35,93,0.019955087,0.1085578,3.996791,0.0,0.0,2146.0898
0.35,94,0.022997055,0.12221368,4.44834,0.0,0.0,2473.2412
0.35,95,0.024572078,0.12723526,4.7271647,0.0,0.0,2642.6287
0.35,96,0.024408026,0.11788043,3.2107217,0.0,0.0,2624.9856
0.35,97,0.023409307,0.13100353,8.899351,0.0,0.0,2517.5774
0.35,98,0.024289116,0.14734519,6.645614,0.0,0.0,2612.1973
0.35,99,0.023820678,0.11683516,2.838752,0.0,0.0,2561.8186
0.35,100,0.023602339,0.12170884,4.484506,0.0,0.0,2538.3372
0.35,101,0.023902133,0.15353623,6.0635023,0.0,0.0,2570.5789
0.35,102,0.024093656,0.14069203,5.271158,0.0,0.0,2591.1763
0.35,103,0.023473201,0.112408504,4.8245134,0.0,0.0,2524.449
0.35,104,0.021510657,0.13505828,6.1934834,0.0,0.0,2313.385
0.35,105,0.023484077,0.11309244,2.4380805,0.0,0.0,2525.6187
0.35,106,0.022471761,0.13118185,6.2804146,0.0,0.0,2416.748
0.35,107,0.021447448,0.103103116,2.5487394,0.0,0.0,2306.5872
0.35,108,0.022347389,0.1338349,7.764415,0.0,0.0,2403.3723
0.35,109,0.021931,0.1331683,8.152005,0.0,0.0,2358.5913
0.35,110,0.024621548,0.118138194,2.5735807,0.0,0.0,2647.949
0.35,111,0.025157476,0.1180555,2.183187,0.0,0.0,2705.586
0.35,112,0.021660754,0.12246174,4.0739713,0.0,0.0,2329.5276
0.35,113,0.020195706,0.10783616,3.2938879,0.0,0.0,2171.9673
0.35,114,0.020313328,0.10922676,4.161445,0.0,0.0,2184.6172
0.35,115,0.020443346,0.11360115,4.3384314,0.0,0.0,2198.6
0.35,116,0.022410795,0.12121121,3.0136585,0.0,0.0,2410.1914
0.35,117,0.019727258,0.12219642,5.4277177,0.0,0.0,2121.5876
0.35,118,0.021140276,0.12633221,7.748703,0.0,0.0,2273.552
0.35,119,0.02541394,0.12634948,3.542689,0.0,0.0,2733.1675
0.35,120,0.02264686,0.106301636,2.1367543,0.0,0.0,2435.579
0.35,121,0.019952893,0.12852661,9.191002,0.0,0.0,2145.8538
0.35,122,0.02474461,0.15431185,8.689248,0.0,0.0,2661.1838
0.35,123,0.023113867,0.14609762,11.2092085,0.0,0.0,2485.804
0.35,124,0.021153519,0.12118085,6.3845415,0.0,0.0,2274.9763
0.35,125,0.022632936,0.13172024,6.1209254,0.0,0.0,2434.0818
0.35,126,0.020190615,0.12779543,7.7008085,0.0,0.0,2171.42
0.35,127,0.021490734,0.13305998,4.892783,0.0,0.0,2311.2424
0.35,128,0.021287564,0.1275806,7.154199,0.0,0.0,2289.3923
0.35,129,0.021142643,0.11113946,3.113048,0.0,0.0,2273.8066
0.35,130,0.022155209,0.13472053,7.8057566,0.0,0.0,2382.704
0.35,131,0.020046268,0.11843719,6.1309686,0.0,0.0,2155.896
0.35,132,0.03066063,0.13266799,2.2986324,0.0,0.0,3297.428
0.35,133,0.02411981,0.11719256,3.4210007,0.0,0.0,2593.989
0.35,134,0.02086214,0.11869252,3.564376,0.0,0.0,2243.6396
0.35,135,0.020426258,0.10682906,3.329807,0.0,0.0,2196.7625
0.35,136,0.020449542,0.10831534,3.916714,0.0,0.0,2199.2664
0.35,137,0.020112548,0.12164264,6.5419536,0.0,0.0,2163.0242
0.35,138,0.02157378,0.13378406,6.0625963,0.0,0.0,2320.1738
0.35,139,0.022040429,0.12174686,5.9992657,0.0,0.0,2370.3599
0.35,140,0.022616591,0.121696025,5.863692,0.0,0.0,2432.324
0.35,141,0.021085618,0.119704135,5.0746703,0.0,0.0,2267.6738
0.35,142,0.022289453,0.106895044,2.189175,0.0,0.0,2397.1416
0.35,143,0.020363385,0.11906136,4.629082,0.0,0.0,2190.0005
0.35,144,0.020838967,0.11696284,5.9369016,0.0,0.0,2241.1475
0.35,145,0.01959199,0.1104107,6.614702,0.0,0.0,2107.0403
0.35,146,0.019568171,0.098467946,2.0141585,0.0,0.0,2104.4785
0.35,147,0.0017546494,0.080709964,18.276245,0.0,0.0,188.70554
0.35,148,0.02427264,0.12441715,5.708477,0.0,0.0,2610.4253
0.35,149,0.023552334,0.12285061,4.9370346,0.0,0.0,2532.9592
0.35,150,0.021810265,0.1371394,7.5109963,0.0,0.0,2345.6067
0.5,0,0.01930279,0.09255615,2.337872,0.0,0.0,2075.9377
0.5,1,0.022306524,0.092593454,1.6628629,0.0,0.0,2398.9775
0.5,2,0.021162143,0.08721736,1.7858205,0.0,0.0,2275.9038
0.5,3,0.018443866,0.09652666,2.0709753,0.0,0.0,1983.564
0.5,4,0.017903771,0.09746881,2.4383776,0.0,0.0,1925.479
0.5,5,0.01772992,0.092267826,2.1924481,0.0,0.0,1906.7819
0.5,6,0.019736378,0.09236028,2.3084738,0.0,0.0,2122.5684
0.5,7,0.02119674,0.098009616,2.5148046,0.0,0.0,2279.6245
0.5,8,0.016889906,0.10346133,3.62582,0.0,0.0,1816.4418
0.5,9,0.019521115,0.09873815,2.0577831,0.0,0.0,2099.418
0.5,10,0.01785679,0.108407505,2.582612,0.0,0.0,1920.4263
0.5,11,0.01991397,0.11317801,2.560289,0.0,0.0,2141.6677
0.5,12,0.022152858,0.10655781,2.532162,0.0,0.0,2382.4512
0.5,13,0.016327212,0.11822869,3.2584388,0.0,0.0,1755.9264
0.5,14,0.016141387,0.09868334,3.4750752,0.0,0.0,1735.9415
0.5,15,0.018574117,0.100366905,2.6732814,0.0,0.0,1997.572
0.5,16,0.021766353,0.107682884,2.124065,0.0,0.0,2340.8843
0.5,17,0.02234804,0.099352635,2.0329006,0.0,0.0,2403.4424
0.5,18,0.017475905,0.105679065,3.1465952,0.0,0.0,1879.4636
0.5,19,0.018765809,0.10530028,3.7296665,0.0,0.0,2018.1877
0.5,20,0.019028949,0.13424163,3.3509953,0.0,0.0,2046.4873
0.5,21,0.01883499,0.105708756,3.3238368,0.0,0.0,2025.6278
0.5,22,0.015717715,0.10322109,3.07552,0.0,0.0,1690.3774
0.5,23,0.014863053,0.09925952,3.3094494,0.0,0.0,1598.4619
0.5,24,0.020318555,0.10331838,2.4850135,0.0,0.0,2185.1792
0.5,25,0.02104635,0.09840797,1.7221107,0.0,0.0,2263.4507
0.5,26,0.019487208,0.10181483,2.3251133,0.0,0.0,2095.7712
0.5,27,0.021397533,0.117356025,3.0884173,0.0,0.0,2301.219
0.5,28,0.017208945,0.09616038,2.6646674,0.0,0.0,1850.7532
0.5,29,0.016833046,0.10495922,3.7806127,0.0,0.0,1810.3269
0.5,30,0.015394024,0.09855717,3.4436817,0.0,0.0,1655.5657
0.5,31,0.015943067,0.09837478,2.8529828,0.0,0.0,1714.613
0.5,32,0.021134038,0.10555102,1.9717231,0.0,0.0,2272.881
0.5,33,0.015998954,0.12268863,4.591613,0.0,0.0,1720.6235
0.5,34,0.015863234,0.10679341,3.9239426,0.0,0.0,1706.0273
0.5,35,0.015475722,0.10802821,3.8226361,0.0,0.0,1664.352
0.5,36,0.01448771,0.103658944,4.6508694,0.0,0.0,1558.0952
0.5,37,0.019178363,0.1102045,3.0420642,0.0,0.0,2062.5562
0.5,38,0.019154456,0.10280786,2.4621682,0.0,0.0,2059.985
0.5,39,0.01957776,0.12668867,5.4630003,0.0,0.0,2105.5098
0.5,40,0.016279055,0.10799308,3.5393224,0.0,0.0,1750.7473
0.5,41,0.013914662,0.088308476,4.062108,0.0,0.0,1496.4663
0.5,42,0.018824723,0.124968655,3.0019548,0.0,0.0,2024.5236
0.5,43,0.018935561,0.10749707,2.7231507,0.0,0.0,2036.4438
0.5,44,0.016876917,0.10249452,5.0966372,0.0,0.0,1815.0449
0.5,45,0.016762635,0.12291127,5.2250757,0.0,0.0,1802.7543
0.5,46,0.015713394,0.12593982,5.4882226,0.0,0.0,1689.9127
0.5,47,0.0146889705,0.13355157,6.0561576,0.0,0.0,1579.74
0.5,48,0.016235566,0.09921196,2.2778895,0.0,0.0,1746.0702
0.5,49,0.01577911,0.11708184,5.1834674,0.0,0.0,1696.9801
0.5,50,0.01570984,0.1136374,4.3686013,0.0,0.0,1689.5305
0.5,51,0.015760012,0.113193706,4.4821806,0.0,0.0,1694.9263
0.5,52,0.018341664,0.114267886,2.616804,0.0,0.0,1972.5726
0.5,53,0.016179912,0.11838129,4.8519726,0.0,0.0,1740.0847
0.5,54,0.0154491,0.12219861,5.4669356,0.0,0.0,1661.4889
0.5,55,0.01911177,0.110303774,2.8332572,0.0,0.0,2055.3943
0.5,56,0.016364083,0.096221104,2.8344948,0.0,0.0,1759.8917
0.5,57,0.01719497,0.099027336,2.467858,0.0,0.0,1849.2501
0.5,58,0.015479137,0.090135485,2.3301604,0.0,0.0,1664.7192
0.5,59,0.01402046,0.09692453,5.5356207,0.0,0.0,1507.8444
0.5,60,0.01451465,0.09103583,2.6329734,0.0,0.0,1560.9926
0.5,61,0.013704475,0.0814949,3.0099769,0.0,0.0,1473.8615
0.5,62,0.015115734,0.10801083,4.8783436,0.0,0.0,1625.6367
0.5,63,0.01644548,0.13531122,8.4165125,0.0,0.0,1768.6456
0.5,64,0.01818296,0.10520139,2.3944147,0.0,0.0,1955.5045
0.5,65,0.015318579,0.091082744,4.310823,0.0,0.0,1647.4519
0.5,66,0.012791271,0.10252845,4.6814127,0.0,0.0,1375.65
0.5,67,0.015519409,0.09299482,2.582898,0.0,0.0,1669.0504
0.5,68,0.014839571,0.09115663,4.2817707,0.0,0.0,1595.9365
0.5,69,0.016279915,0.0912712,2.155297,0.0,0.0,1750.8397
0.5,70,0.0173078,0.12601621,7.527565,0.0,0.0,1861.3845
0.5,71,0.014197957,0.10121076,4.6926494,0.0,0.0,1526.9335
0.5,72,0.014215511,0.12068194,6.3676467,0.0,0.0,1528.8214
0.5,73,0.017793464,0.12677336,8.874864,0.0,0.0,1913.6158
0.5,74,0.015379882,0.093908645,4.0778437,0.0,0.0,1654.0448
0.5,75,0.017237345,0.09831805,2.9298618,0.0,0.0,1853.8075
0.5,76,0.016851794,0.11433531,4.389968,0.0,0.0,1812.343
0.5,77,0.016548308,0.12075723,4.8746204,0.0,0.0,1779.7042
0.5,78,0.012898842,0.084093995,2.5548658,0.0,0.0,1387.2189
0.5,79,0.017504614,0.10055827,5.9248347,0.0,0.0,1882.5511
0.5,80,0.01338387,0.08836194,3.2867696,0.0,0.0,1439.3817
0.5,81,0.014411697,0.09644211,4.894219,0.0,0.0,1549.9204
0.5,82,0.016907355,0.09442958,2.0783165,0.0,0.0,1818.3184
0.5,83,0.015559918,0.11036328,4.070686,0.0,0.0,1673.407
0.5,84,0.016792368,0.12968943,10.6344795,0.0,0.0,1805.952
0.5,85,0.014296739,0.11384039,8.089751,0.0,0.0,1537.5571
0.5,86,0.0152988965,0.120798305,6.885793,0.0,0.0,1645.3351
0.5,87,0.01570552,0.10756372,5.878672,0.0,0.0,1689.0658
0.5,88,0.011311534,0.08202043,4.9181213,0.0,0.0,1216.5103
0.5,89,0.013786557,0.12475989,8.281444,0.0,0.0,1482.6891
0.5,90,0.0132308565,0.097899266,5.5598416,0.0,0.0,1422.9257
0.5,91,0.016983675,0.09930091,3.407536,0.0,0.0,1826.5262
0.5,92,0.01269075,0.076250866,1.8826125,0.0,0.0,1364.8394
0.5,93,0.0128935,0.08380394,3.9187708,0.0,0.0,1386.6443
0.5,94,0.015204895,0.097082466,4.4078336,0.0,0.0,1635.2257
0.5,95,0.016545769,0.102581926,4.6632433,0.0,0.0,1779.4313
0.5,96,0.016104717,0.09168744,3.0150287,0.0,0.0,1731.9978
0.5,97,0.015590188,0.10355404,7.164259,0.0,0.0,1676.6624
0.5,98,0.016409496,0.11953269,6.1283646,0.0,0.0,1764.7756
0.5,99,0.015661357,0.08982299,2.442853,0.0,0.0,1684.3163
0.5,100,0.01563115,0.0957985,4.1463833,0.0,0.0,1681.0677
0.5,101,0.016240956,0.12495554,5.594914,0.0,0.0,1746.6499
0.5,102,0.016229521,0.11347271,5.175954,0.0,0.0,1745.4202
0.5,103,0.0154432915,0.087376356,4.3676715,0.0,0.0,1660.8643
0.5,104,0.014313272,0.11019619,6.161917,0.0,0.0,1539.3352
0.5,105,0.015318236,0.08633468,2.402251,0.0,0.0,1647.415
0.5,106,0.014857782,0.10676742,6.2515407,0.0,0.0,1597.895
0.5,107,0.013874341,0.078014754,2.5291514,0.0,0.0,1492.1299
0.5,108,0.014860736,0.108211555,7.662584,0.0,0.0,1598.2128
0.5,109,0.014562235,0.1082354,7.581097,0.0,0.0,1566.1101
0.5,110,0.016033322,0.09080753,2.2995598,0.0,0.0,1724.3197
0.5,111,0.017108968,0.09347804,1.9585167,0.0,0.0,1840.001
0.5,112,0.014202185,0.09814809,3.8387015,0.0,0.0,1527.3882
0.5,113,0.012951869,0.07995457,2.4843814,0.0,0.0,1392.9216
0.5,114,0.013146199,0.08548482,4.048998,0.0,0.0,1413.8212
0.5,115,0.013224414,0.08916003,4.302023,0.0,0.0,1422.2328
0.5,116,0.015038607,0.097132266,2.7675498,0.0,0.0,1617.342
0.5,117,0.0127774,0.097341605,4.645197,0.0,0.0,1374.1583
0.5,118,0.013802562,0.10193864,7.576803,0.0,0.0,1484.4103
0.5,119,0.016945489,0.09915502,3.5136845,0.0,0.0,1822.4196
0.5,120,0.0149457855,0.08146379,1.9797208,0.0,0.0,1607.3595
0.5,121,0.012910761,0.10364411,9.10784,0.0,0.0,1388.5007
0.5,122,0.016937697,0.123742655,6.971186,0.0,0.0,1821.5817
0.5,123,0.015483504,0.11706686,9.059737,0.0,0.0,1665.189
0.5,124,0.013757002,0.09570921,6.35834,0.0,0.0,1479.5105
0.5,125,0.015018462,0.10557493,5.8187556,0.0,0.0,1615.1755
0.5,126,0.013098472,0.1025747,7.5158644,0.0,0.0,1408.6882
0.5,127,0.0142094325,0.10485969,4.475107,0.0,0.0,1528.1676
0.5,128,0.01404345,0.10287242,7.0529227,0.0,0.0,1510.3169
0.5,129,0.013863174,0.08759846,2.925338,0.0,0.0,1490.929
0.5,130,0.014739294,0.1096339,7.7568088,0.0,0.0,1585.1521
0.5,131,0.012957674,0.093661964,6.123622,0.0,0.0,1393.546
0.5,132,0.02140813,0.10700535,1.9466243,0.0,0.0,2302.3586
0.5,133,0.015969213,0.09162333,2.7166202,0.0,0.0,1717.425
0.5,134,0.013800677,0.09482956,3.1172569,0.0,0.0,1484.2076
0.5,135,0.01325354,0.08335349,3.2079566,0.0,0.0,1425.3652
0.5,136,0.013224175,0.08415832,3.7852907,0.0,0.0,1422.2072
0.5,137,0.013090826,0.097661726,6.392203,0.0,0.0,1407.866
0.5,138,0.014286622,0.10694749,6.0466814,0.0,0.0,1536.4691
0.5,139,0.014478317,0.09720091,5.682415,0.0,0.0,1557.0851
0.5,140,0.0148673495,0.0952635,5.0152936,0.0,0.0,1598.924
0.5,141,0.01372833,0.09375645,4.994661,0.0,0.0,1476.427
0.5,142,0.014512754,0.08105337,1.8711082,0.0,0.0,1560.7887
0.5,143,0.013243073,0.09317205,4.507087,0.0,0.0,1424.2395
0.5,144,0.0135798985,0.09275102,5.9486375,0.0,0.0,1460.4637
0.5,145,0.012562288,0.08656059,6.630047,0.0,0.0,1351.0238
0.5,146,0.012501841,0.07357391,1.6875831,0.0,0.0,1344.5231
0.5,147,0.0011430758,0.05783182,13.173752,0.0,0.0,122.93323
0.5,148,0.016108269,0.097747326,5.1130958,0.0,0.0,1732.3799
0.5,149,0.0152472025,0.09410276,4.6597543,0.0,0.0,1639.7756
0.5,150,0.014468282,0.10883594,7.2513785,0.0,0.0,1556.0059
